{
    "lr": 0.6534140017286083,
    "rf": 0.6568712186689714,
    "svm": 0.6646499567847882,
    "mlp": 0.6534140017286083
}