{
    "lr": 0.03765926966128046,
    "rf": 0.042298376375476676,
    "svm": 0.037658116946620114,
    "mlp": 0.035183521093548026
}