{
    "FG": {
        "statistic": 0.0488735568713481,
        "p_value": 0.04853637237282105
    },
    "FG%": {
        "statistic": 0.06142806339412455,
        "p_value": 0.0056918538283972035
    },
    "3P": {
        "statistic": 0.039283710014795165,
        "p_value": 0.17972629411701752
    },
    "3P%": {
        "statistic": 0.04484540104496469,
        "p_value": 0.08708681151260998
    },
    "FT": {
        "statistic": 0.0207000993346678,
        "p_value": 0.8871418603919718
    },
    "FT%": {
        "statistic": 0.03600881707715993,
        "p_value": 0.26295390237065175
    },
    "ORB": {
        "statistic": 0.06115909452398887,
        "p_value": 0.005989187294610646
    },
    "DRB": {
        "statistic": 0.03840515339853609,
        "p_value": 0.19973264137976332
    },
    "AST": {
        "statistic": 0.051105960980382156,
        "p_value": 0.03435613253222174
    },
    "STL": {
        "statistic": 0.039675721826917594,
        "p_value": 0.17131606736803795
    },
    "BLK": {
        "statistic": 0.058028626990819794,
        "p_value": 0.010669825628048378
    },
    "TOV": {
        "statistic": 0.03451467062004639,
        "p_value": 0.3092827594755103
    },
    "PF": {
        "statistic": 0.019290732465630504,
        "p_value": 0.9298193279234145
    },
    "TS%": {
        "statistic": 0.04166241518289883,
        "p_value": 0.13338677021242792
    },
    "eFG%": {
        "statistic": 0.04135818400621817,
        "p_value": 0.13871049096190954
    },
    "3PAr": {
        "statistic": 0.032674653454055465,
        "p_value": 0.3735154387241338
    },
    "FTr": {
        "statistic": 0.028963108124735532,
        "p_value": 0.5261346774947206
    },
    "ORB%": {
        "statistic": 0.04343453365224463,
        "p_value": 0.10560487932589499
    },
    "DRB%": {
        "statistic": 0.04343453365224463,
        "p_value": 0.10560487932589499
    },
    "TRB%": {
        "statistic": 0.027371052497321566,
        "p_value": 0.5986423838454153
    },
    "AST%": {
        "statistic": 0.023126446129699264,
        "p_value": 0.793256997865632
    },
    "STL%": {
        "statistic": 0.04275517155487265,
        "p_value": 0.11564753657067559
    },
    "BLK%": {
        "statistic": 0.03254935972654457,
        "p_value": 0.3781546740972615
    },
    "TOV%": {
        "statistic": 0.038141811492210784,
        "p_value": 0.20602376145437482
    },
    "ORtg": {
        "statistic": 0.04758498215877341,
        "p_value": 0.058837820558574734
    },
    "DRtg": {
        "statistic": 0.04758498215877341,
        "p_value": 0.058837820558574734
    },
    "previous_win_pct": {
        "statistic": 0.029352869151333817,
        "p_value": 0.5088897194406755
    }
}