{
    "calibration": 0.03797466387262658,
    "accuracy": 0.03699324965609861
}