{
    "calibration_score": 0.051659535739143315,
    "accuracy": 0.6513840830449827
}