{
    "calibration_score": 0.04591469141675554,
    "accuracy": 0.6487889273356401
}