{
    "calibration": {
        "mean": -9.770000000000001,
        "max": 23.13
    },
    "accuracy": {
        "mean": -26.775000000000002,
        "max": 10.9
    }
}